{
  "project_info": {
    "project_number": "69678144967",
    "project_id": "medicaldirectory-d5ffa",
    "storage_bucket": "medicaldirectory-d5ffa.appspot.com"
  },
  "client": [
    {
      "client_info": {
        "mobilesdk_app_id": "1:69678144967:android:3cd7ad0852041506634de2",
        "android_client_info": {
          "package_name": "com.medical.directorysa"
        }
      },
      "oauth_client": [
        {
          "client_id": "69678144967-2pl2472dr25i5hv7a42u42orvm5dka8n.apps.googleusercontent.com",
          "client_type": 1,
          "android_info": {
            "package_name": "com.medical.directorysa",
            "certificate_hash": "9bbb3186b2189ef16d8f272bdab59362c395cbb4"
          }
        },
        {
          "client_id": "69678144967-i17ktchl3qfkppnm94t1hr74bhmcu552.apps.googleusercontent.com",
          "client_type": 3
        }
      ],
      "api_key": [
        {
          "current_key": "AIzaSyD7DtQysGJSrJRLyDTMe-1puEmmI6r6SSc"
        }
      ],
      "services": {
        "appinvite_service": {
          "other_platform_oauth_client": [
            {
              "client_id": "69678144967-i17ktchl3qfkppnm94t1hr74bhmcu552.apps.googleusercontent.com",
              "client_type": 3
            },
            {
              "client_id": "69678144967-7uba199f5hl5pag58sfhb6bjft08bnpg.apps.googleusercontent.com",
              "client_type": 2,
              "ios_info": {
                "bundle_id": "com.medical.directorysa"
              }
            }
          ]
        }
      }
    }
  ],
  "configuration_version": "1"
}